[
  {
  "id" : 0,
  "first_name": "Tyson",
  "last_name": "Doberneck",
  "gender": "male",
  "isAlive": true,
  "married": true,
  "has_children": false,
  "age" : 23,
  "birth_place": "Charleston, SC",
  "employed": false,
  "occupation": "Software Engineer",
  "DOB": "10-24-1995"
  },

  {
  "id" : 1,
  "first_name": "Jessica",
  "last_name": "Doberneck",
  "gender": "female",
  "isAlive": true,
  "married": true,
  "has_children": false,
  "age" : 26,
  "birth_place": "Sacramento, CA",
  "employed" : true,
  "occupation": "Sales Manager",
  "DOB": "12-21-1992"
  },

  {
    "id" : 2,
    "first_name": "Joshua",
    "last_name": "Doberneck",
    "gender": "male",
    "isAlive": true,
    "married": true,
    "has_children": true,
    "age": 46,
    "birth_place": "Petaluma, CA",
    "employed": true,
    "occupation": "Police Officer",
    "DOB": "02-24-1973"
  },

  {
    "id" : 3,
    "first_name": "Jennifer",
    "last_name": "Doberneck",
    "gender": "female",
    "isAlive": true,
    "married": true,
    "has_children": true,
    "age" : 46,
    "birth_place": "Provo, UT",
    "employed": true,
    "occupation": "Librarian",
    "DOB": "12-21-1973"
  },

  {
    "id" : 4,
    "first_name": "Sarah",
    "last_name": "Doberneck",
    "gender": "female",
    "isAlive": true,
    "married": false,
    "has_children": false,
    "age" : 21,
    "birth_place": "Lodi, CA",
    "employed": true,
    "occupation": "Lawyer",
    "DOB": "09-12-1997"
  },

  {
    "id" : 5,
    "first_name": "Clayton",
    "last_name": "Doberneck",
    "gender": "male",
    "isAlive": true,
    "married": false,
    "has_children": false,
    "age" : 19,
    "birth_place": "Lodi, CA",
    "employed": false,
    "occupation": "Doctor",
    "DOB": "04-18-2000"
  },

  {
    "id" : 6,
    "first_name": "Tuesday",
    "last_name": "Doberneck",
    "gender": "female",
    "isAlive": true,
    "married": false,
    "has_children": false,
    "age" : 17,
    "birth_place": "Lodi, CA",
    "employed": false,
    "occupation": "Unknown",
    "DOB": "10-12-2001"
  },

  {
    "id" : 7,
    "first_name": "Kathy",
    "last_name": "Doberneck",
    "gender": "female",
    "isAlive": true,
    "married": false,
    "has_children": true,
    "age" : 100,
    "birth_place": "unknown",
    "employed": false,
    "occupation": "Government Worker",
    "DOB": "unknown"
  },

  {
    "id" : 8,
    "first_name": "Dennis",
    "last_name": "Doberneck",
    "gender": "male",
    "isAlive": true,
    "married": true,
    "has_children": true,
    "age" : 100,
    "birth_place": "Petaluma, CA",
    "employed": false,
    "occupation": "Park Ranger",
    "DOB": "unknown"
  },
  {
    "id" : 9,
    "first_name": "Callie",
    "last_name": "Doberneck",
    "gender": "female",
    "isAlive": false,
    "married": false,
    "has_children": false,
    "age": 0,
    "birth_place": "Rexburg, ID",
    "employed": false,
    "occupation": "Anything she wants",
    "DOB": "07-21-2019"
  },

  {
    "id" : 10,
    "first_name": "Callie",
    "last_name": "Grady",
    "gender": "female",
    "isAlive": false,
    "married": false,
    "has_children": true,
    "age" : 100,
    "birth_place": "Louisiana",
    "employed": false,
    "occupation": "Mother",
    "DOB": "unknown"
  }

]